product_name,description,features,tags,min_balance,interest_rate,annual_fee,monthly_fee,min_investment,management_fee,tax_benefits
Basic Savings Account,"Perfect for building emergency funds with easy access","FDIC insured,Online banking,Mobile app,No minimum balance","savings,basic,everyday banking,digital",0,0.5,0,0,0,0,None
Premium Checking Account,"High-end checking with premium benefits","FDIC insured,Free checks,ATM fee reimbursement,Wire transfers,Priority customer service","premium,checking,everyday banking,digital",1000,0,0,0,0,0,None
High-Yield Savings Account,"Maximize your savings with competitive rates","FDIC insured,High interest rate,No monthly fees,Online access,Mobile banking","savings,high-yield,everyday banking,digital",100,2.5,0,0,0,0,None
Retirement IRA,"Save for retirement with tax advantages","Tax-deferred growth,Investment options,Professional management,Retirement planning,Portfolio diversification","retirement,investment,long-term,tax-advantaged",0,0,0,0,1000,0.5,Yes
Investment Portfolio,"Managed investment portfolio for growth","Professional management,Diversified holdings,Regular rebalancing,Performance tracking,Investment advice","investment,wealth management,long-term,premium",0,0,0,0,5000,1.0,Yes
Premium Credit Card,"Elite credit card with premium benefits","Travel rewards,Cash back,Concierge service,Airport lounge access,Extended warranty","credit,rewards,travel,premium",0,0,450,0,0,0,None
Student Loan Refinancing,"Lower your student loan payments","Competitive rates,Flexible terms,No prepayment penalty,Cosigner release option,Rate reduction for autopay","student,loans,refinancing,education",0,3.5,0,0,0,0,None
Home Equity Line of Credit,"Access your home's equity for major expenses","Flexible access,Competitive rates,Interest-only payments,No closing costs,Online account management","home equity,loans,secured,real estate",0,4.2,0,0,0,0,None
Business Checking Account,"Complete banking solution for businesses","Free transactions,Business debit card,Online bill pay,Payroll services,Business credit card","business,checking,commercial,digital",500,0,0,0,0,0,None
Money Market Account,"High-yield account with check writing","FDIC insured,Check writing,Debit card access,Online banking,Mobile app","money market,high-yield,savings,digital",1000,3.0,0,0,0,0,None
Robo-Advisor Portfolio,"Automated investment management","Low fees,Portfolio rebalancing,Tax-loss harvesting,Goal-based investing,Regular reporting","robo-advisor,investment,automated,digital",0,0,0,0,1000,0.25,Yes
Premium Life Insurance,"Comprehensive life insurance coverage","Death benefit,Cash value growth,Policy loans,Accelerated benefits,Riders available","insurance,life,protection,premium",0,0,0,0,0,0,None
Health Savings Account,"Tax-advantaged healthcare savings","Tax-free contributions,Tax-free withdrawals,Investment options,Portable account,Family coverage","health,savings,tax-advantaged,healthcare",0,0,0,0,0,0,None
Premium Auto Insurance,"Comprehensive auto coverage","Collision coverage,Liability protection,Roadside assistance,Rental car coverage,Accident forgiveness","insurance,auto,protection,premium",0,0,0,0,0,0,None
Estate Planning Service,"Professional estate planning assistance","Will preparation,Trust creation,Asset protection,Beneficiary planning,Legal consultation","estate,planning,legal,wealth",0,0,0,0,0,0,None
Tax Planning Service,"Professional tax planning and preparation","Tax return preparation,Tax strategy planning,Audit support,Quarterly reviews,Documentation assistance","tax,planning,professional,advisory",0,0,0,0,0,0,None
Premium Wealth Management,"Comprehensive wealth management service","Financial planning,Investment management,Tax planning,Estate planning,Retirement planning","wealth,management,premium,advisory",0,0,0,0,100000,1.5,Yes
Premium Trust Services,"Professional trust management","Asset management,Beneficiary services,Trust administration,Reporting services,Legal compliance","trust,management,premium,legal",0,0,0,0,500000,1.0,Yes
Premium Business Loan,"Business expansion and growth financing","Flexible terms,Competitive rates,Quick approval,No prepayment penalty,Business support","business,loans,commercial,financing",0,5.5,0,0,0,0,None
Premium Mortgage Service,"Home financing with premium benefits","Competitive rates,Flexible terms,Quick approval,Online application,Rate lock guarantee","mortgage,loans,real estate,premium",0,4.8,0,0,0,0,None
Premium Investment Advisory,"Professional investment advisory service","Portfolio management,Market analysis,Investment strategy,Regular reviews,Performance reporting","investment,advisory,premium,professional",0,0,0,0,25000,1.0,Yes
Premium Financial Planning,"Comprehensive financial planning service","Retirement planning,Investment planning,Tax planning,Estate planning,Insurance review","financial,planning,premium,advisory",0,0,0,0,0,0,None
Premium Portfolio Management,"Active portfolio management service","Investment strategy,Market timing,Risk management,Performance tracking,Regular reporting","portfolio,management,premium,active",0,0,0,0,100000,1.25,Yes
Premium Trust Administration,"Professional trust administration service","Asset management,Beneficiary services,Trust accounting,Legal compliance,Reporting services","trust,administration,premium,legal",0,0,0,0,500000,1.0,Yes
Premium Business Banking,"Complete business banking solution","Free transactions,Business credit card,Payroll services,Merchant services,Business support","business,banking,premium,commercial",1000,0,0,0,0,0,None
Premium Investment Portfolio,"Managed investment portfolio service","Portfolio management,Market analysis,Investment strategy,Regular reviews,Performance reporting","investment,portfolio,premium,managed",0,0,0,0,50000,1.0,Yes
Premium Financial Advisory,"Professional financial advisory service","Financial planning,Investment management,Tax planning,Estate planning,Insurance review","financial,advisory,premium,professional",0,0,0,0,100000,1.5,Yes
Premium Wealth Advisory,"Wealth advisory and planning service","Wealth advisory,Investment planning,Tax planning,Estate planning,Retirement planning","wealth,advisory,premium,professional",0,0,0,0,500000,1.5,Yes
Premium Trust Advisory,"Trust advisory and planning service","Trust advisory,Asset protection,Estate planning,Beneficiary services,Legal compliance","trust,advisory,premium,legal",0,0,0,0,1000000,1.0,Yes
Premium Business Advisory,"Business advisory and planning service","Business advisory,Financial analysis,Strategy development,Market research,Performance optimization","business,advisory,premium,professional",0,0,0,0,0,0,None
Premium Mortgage Advisory,"Mortgage advisory and planning service","Mortgage planning,Rate analysis,Term optimization,Refinancing advice,Payment strategies","mortgage,advisory,premium,professional",0,0,0,0,0,0,None
Premium Investment Strategy,"Investment strategy and planning service","Portfolio strategy,Market analysis,Risk management,Performance optimization,Regular reviews","investment,strategy,premium,professional",0,0,0,0,100000,1.0,Yes
Premium Financial Strategy,"Comprehensive financial strategy service","Financial planning,Investment management,Tax optimization,Estate planning,Retirement planning","financial,strategy,premium,professional",0,0,0,0,250000,1.5,Yes
Premium Wealth Strategy,"Wealth strategy and planning service","Wealth management,Investment planning,Tax planning,Estate planning,Retirement planning","wealth,strategy,premium,professional",0,0,0,0,500000,1.5,Yes
Premium Trust Strategy,"Trust strategy and planning service","Trust management,Asset protection,Estate planning,Beneficiary services,Legal compliance","trust,strategy,premium,professional",0,0,0,0,1000000,1.0,Yes
Premium Business Strategy,"Business strategy and planning service","Business planning,Financial analysis,Strategy development,Market research,Performance optimization","business,strategy,premium,professional",0,0,0,0,0,0,None
Premium Mortgage Strategy,"Mortgage strategy and planning service","Mortgage planning,Rate analysis,Term optimization,Refinancing advice,Payment strategies","mortgage,strategy,premium,professional",0,0,0,0,0,0,None
Premium Investment Planning,"Investment planning and advisory service","Portfolio planning,Market analysis,Risk management,Performance optimization,Regular reviews","investment,planning,premium,professional",0,0,0,0,100000,1.0,Yes
Premium Financial Planning,"Financial planning and advisory service","Financial planning,Investment management,Tax optimization,Estate planning,Retirement planning","financial,planning,premium,professional",0,0,0,0,250000,1.5,Yes
Premium Wealth Planning,"Wealth planning and advisory service","Wealth management,Investment planning,Tax planning,Estate planning,Retirement planning","wealth,planning,premium,professional",0,0,0,0,500000,1.5,Yes
Premium Trust Planning,"Trust planning and advisory service","Trust management,Asset protection,Estate planning,Beneficiary services,Legal compliance","trust,planning,premium,professional",0,0,0,0,1000000,1.0,Yes
Premium Business Planning,"Business planning and advisory service","Business planning,Financial analysis,Strategy development,Market research,Performance optimization","business,planning,premium,professional",0,0,0,0,0,0,None
Premium Mortgage Planning,"Mortgage planning and advisory service","Mortgage planning,Rate analysis,Term optimization,Refinancing advice,Payment strategies","mortgage,planning,premium,professional",0,0,0,0,0,0,None 